{
  "accuracy": 0.934018075466156,
  "loss": 0.16700103878974915,
  "val_accuracy": 0.9278157949447632,
  "val_loss": 0.1962185651063919,
  "epoch": 25,
  "global_step": 5226
}