{
  "accuracy": 0.9316837787628174,
  "loss": 0.1658478081226349,
  "val_accuracy": 0.9228376150131226,
  "val_loss": 0.1856255680322647,
  "epoch": 29,
  "global_step": 6030
}