{
  "accuracy": 0.9307500720024109,
  "loss": 0.18079227209091187,
  "val_accuracy": 0.9234598875045776,
  "val_loss": 0.18749655783176422,
  "epoch": 27,
  "global_step": 5628
}