{
  "accuracy": 0.9354186058044434,
  "loss": 0.15457884967327118,
  "val_accuracy": 0.9178593754768372,
  "val_loss": 0.18758897483348846,
  "epoch": 27,
  "global_step": 5628
}